date,spot,F1,F2,F3,F4,l_spot,l_F1,l_F2,l_F3,l_F4
1986-01-01,22.93,22.98,22.37,21.94,21.66,3.132446,3.134624,3.107721,3.088311,3.075467
1986-02-01,15.46,15.46,15.71,15.83,15.94,2.738256,2.738256,2.754297,2.761907,2.768832
1986-03-01,12.61,12.62,12.95,13.12,13.28,2.53449,2.535283,2.561096,2.574138,2.586259
1986-04-01,12.84,12.75,12.62,12.57,12.62,2.552565,2.545531,2.535283,2.531313,2.535283
1986-05-01,15.38,15.26,14.76,14.44,14.29,2.733068,2.725235,2.691921,2.670002,2.65956
1986-06-01,13.43,13.38,13.04,13.01,13.04,2.597491,2.593761,2.568022,2.565718,2.568022
1986-07-01,11.59,11.58,11.3,11.35,11.49,2.450143,2.449279,2.424803,2.429218,2.441477
1986-08-01,15.1,15.11,14.99,14.96,14.94,2.714695,2.715357,2.707383,2.70538,2.704042
1986-09-01,14.87,14.94,15.05,15.02,14.91,2.699346,2.704042,2.711378,2.709383,2.702032
1986-10-01,14.9,14.89,15.11,15.18,15.18,2.701361,2.70069,2.715357,2.719979,2.719979
1986-11-01,15.22,15.23,15.38,15.41,15.38,2.72261,2.723267,2.733068,2.735017,2.733068
1986-12-01,16.11,16.09,16.25,16.28,16.26,2.77944,2.778198,2.788093,2.789937,2.788708
1987-01-01,18.65,18.67,18.55,18.35,18.12,2.925846,2.926918,2.92047,2.90963,2.897016
1987-02-01,17.75,17.73,17.64,17.55,17.45,2.876386,2.875258,2.870169,2.865054,2.85934
1987-03-01,18.3,18.28,18.05,17.86,17.7,2.906901,2.905808,2.893146,2.882564,2.873565
1987-04-01,18.68,18.6,18.24,17.99,17.86,2.927453,2.923162,2.903617,2.889816,2.882564
1987-05-01,19.44,19.33,18.98,18.8,18.69,2.967333,2.961658,2.943386,2.933857,2.927989
1987-06-01,20.07,19.99,19.64,19.49,19.41,2.999226,2.995232,2.977568,2.969902,2.965788
1987-07-01,21.34,21.33,20.92,20.71,20.6,3.060583,3.060115,3.040706,3.030617,3.025291
1987-08-01,20.31,20.23,20.0,19.89,19.83,3.011113,3.007167,2.995732,2.990217,2.987196
1987-09-01,19.53,19.52,19.32,19.22,19.17,2.971952,2.97144,2.961141,2.955951,2.953347
1987-10-01,19.86,19.86,19.77,19.68,19.6,2.988708,2.988708,2.984166,2.979603,2.97553
1987-11-01,18.85,18.85,18.74,18.67,18.62,2.936513,2.936513,2.93066,2.926918,2.924236
1987-12-01,17.28,17.26,17.05,16.93,16.88,2.84955,2.848392,2.83615,2.829087,2.826129
1988-01-01,17.13,17.15,17.03,16.91,16.81,2.840831,2.841998,2.834976,2.827905,2.821974
1988-02-01,16.8,16.76,16.69,16.62,16.53,2.821379,2.818995,2.81481,2.810607,2.805177
1988-03-01,16.2,16.21,16.12,16.06,16.02,2.785011,2.785628,2.780061,2.776332,2.773838
1988-04-01,17.86,17.88,17.82,17.73,17.65,2.882564,2.883683,2.880321,2.875258,2.870736
1988-05-01,17.42,17.45,17.61,17.68,17.7,2.857619,2.85934,2.868467,2.872434,2.873565
1988-06-01,16.53,16.56,16.72,16.81,16.88,2.805177,2.80699,2.816606,2.821974,2.826129
1988-07-01,15.5,15.51,15.68,15.79,15.9,2.74084,2.741485,2.752386,2.759377,2.766319
1988-08-01,15.52,15.53,15.65,15.75,15.85,2.74213,2.742774,2.750471,2.75684,2.76317
1988-09-01,14.54,14.46,14.26,14.21,14.21,2.676903,2.671386,2.657458,2.653946,2.653946
1988-10-01,13.77,13.8,13.58,13.51,13.52,2.622492,2.624669,2.608598,2.60343,2.60417
1988-11-01,14.14,13.98,13.83,13.78,13.8,2.649008,2.637628,2.62684,2.623218,2.624669
1988-12-01,16.38,16.28,15.81,15.58,15.46,2.796061,2.789937,2.760643,2.745988,2.738256
1989-01-01,18.02,17.98,17.39,17.02,16.79,2.891482,2.88926,2.855895,2.834389,2.820783
1989-02-01,17.94,17.82,17.27,16.94,16.69,2.887033,2.880321,2.848971,2.829678,2.81481
1989-03-01,19.48,19.44,18.9,18.49,18.15,2.969388,2.967333,2.939162,2.91723,2.898671
1989-04-01,21.07,20.94,19.75,19.04,18.52,3.04785,3.041661,2.983153,2.946542,2.918851
1989-05-01,20.12,20.03,18.84,18.28,17.94,3.001714,2.997231,2.935982,2.905808,2.887033
1989-06-01,20.05,19.99,19.02,18.46,18.11,2.998229,2.995232,2.945491,2.915606,2.896464
1989-07-01,19.78,19.66,19.13,18.77,18.53,2.984671,2.978586,2.951258,2.93226,2.919391
1989-08-01,18.58,18.55,18.27,18.14,18.05,2.922086,2.92047,2.90526,2.898119,2.893146
1989-09-01,19.59,19.59,19.37,19.19,19.02,2.975019,2.975019,2.963725,2.954389,2.945491
1989-10-01,20.1,20.1,19.91,19.69,19.52,3.00072,3.00072,2.991222,2.980111,2.97144
1989-11-01,19.86,19.83,19.64,19.48,19.33,2.988708,2.987196,2.977568,2.969388,2.961658
1989-12-01,21.1,21.09,20.72,20.42,20.16,3.049273,3.048799,3.031099,3.016515,3.0037
1990-01-01,22.86,22.64,21.78,21.27,20.86,3.129389,3.119718,3.080992,3.057298,3.037833
1990-02-01,22.11,22.11,21.84,21.65,21.4,3.09603,3.09603,3.083743,3.075005,3.063391
1990-03-01,20.39,20.41,20.63,20.74,20.72,3.015045,3.016025,3.026746,3.032064,3.031099
1990-04-01,18.43,18.58,19.2,19.59,19.85,2.91398,2.922086,2.95491,2.975019,2.988204
1990-05-01,18.2,18.46,19.07,19.45,19.75,2.901422,2.915606,2.948116,2.967847,2.983153
1990-06-01,16.7,16.86,17.6,18.11,18.52,2.815409,2.824944,2.867899,2.896464,2.918851
1990-07-01,18.45,18.64,19.39,19.82,20.1,2.915064,2.92531,2.964757,2.986692,3.00072
1990-08-01,27.31,27.18,26.71,26.31,25.92,3.307253,3.302481,3.285038,3.269949,3.255015
1990-09-01,33.51,33.69,32.6,31.56,30.56,3.511844,3.517201,3.484312,3.45189,3.419692
1990-10-01,36.04,35.92,35.0,33.58,32.32,3.584629,3.581294,3.555348,3.513931,3.475686
1990-11-01,32.33,32.3,31.54,30.35,29.19,3.475996,3.475067,3.451257,3.412797,3.373826
1990-12-01,27.28,27.16,26.47,25.59,24.75,3.306154,3.301745,3.276012,3.242202,3.208825
1991-01-01,25.23,24.7,23.75,22.77,22.09,3.228034,3.206803,3.167583,3.125444,3.095125
1991-02-01,20.48,20.54,19.47,18.81,18.41,3.019449,3.022374,2.968875,2.934389,2.912894
1991-03-01,19.9,19.88,19.49,19.17,18.95,2.99072,2.989714,2.969902,2.953347,2.941804
1991-04-01,20.83,20.82,20.56,20.3,20.13,3.036394,3.035914,3.023347,3.010621,3.002211
1991-05-01,21.23,21.25,21.2,21.19,21.18,3.055415,3.056357,3.054001,3.053529,3.053057
1991-06-01,20.19,20.2,20.24,20.34,20.45,3.005187,3.005683,3.007661,3.012589,3.017983
1991-07-01,21.4,21.43,21.34,21.22,21.12,3.063391,3.064792,3.060583,3.054944,3.05022
1991-08-01,21.69,21.68,21.62,21.53,21.42,3.076851,3.07639,3.073619,3.069447,3.064325
1991-09-01,21.89,21.86,21.77,21.66,21.51,3.08603,3.084658,3.080533,3.075467,3.068518
1991-10-01,23.23,23.23,23.06,22.83,22.57,3.145445,3.145445,3.1381,3.128075,3.116622
1991-11-01,22.46,22.43,22.28,22.05,21.83,3.111736,3.110399,3.103689,3.093313,3.083285
1991-12-01,19.5,19.53,19.52,19.5,19.49,2.970414,2.971952,2.97144,2.970414,2.969902
1992-01-01,18.79,18.82,18.92,18.99,19.01,2.933325,2.93492,2.94022,2.943913,2.944965
1992-02-01,19.01,19.01,19.16,19.26,19.3,2.944965,2.944965,2.952825,2.95803,2.960105
1992-03-01,18.92,18.95,19.1,19.19,19.23,2.94022,2.941804,2.949688,2.954389,2.956472
1992-04-01,20.23,20.26,20.32,20.31,20.27,3.007167,3.008648,3.011606,3.011113,3.009142
1992-05-01,20.98,21.0,21.08,21.1,21.05,3.04357,3.044522,3.048325,3.049273,3.046901
1992-06-01,22.39,22.36,22.34,22.24,22.15,3.108614,3.107274,3.106379,3.101892,3.097837
1992-07-01,21.78,21.74,21.64,21.57,21.51,3.080992,3.079154,3.074543,3.071303,3.068518
1992-08-01,21.34,21.29,21.19,21.12,21.05,3.060583,3.058237,3.053529,3.05022,3.046901
1992-09-01,21.88,21.92,21.77,21.67,21.55,3.085573,3.087399,3.080533,3.075929,3.070376
1992-10-01,21.69,21.71,21.66,21.58,21.47,3.076851,3.077773,3.075467,3.071767,3.066657
1992-11-01,20.34,20.36,20.4,20.41,20.39,3.012589,3.013572,3.015535,3.016025,3.015045
1992-12-01,19.41,19.41,19.52,19.57,19.64,2.965788,2.965788,2.97144,2.973998,2.977568
1993-01-01,19.03,19.07,19.19,19.32,19.42,2.946017,2.948116,2.954389,2.961141,2.966303
1993-02-01,20.09,20.08,20.11,20.14,20.18,3.000222,2.999724,3.001217,3.002708,3.004692
1993-03-01,20.32,20.35,20.46,20.51,20.54,3.011606,3.013081,3.018472,3.020913,3.022374
1993-04-01,20.25,20.33,20.53,20.64,20.7,3.008155,3.012098,3.021887,3.027231,3.030134
1993-05-01,19.95,19.98,20.21,20.34,20.41,2.993229,2.994732,3.006178,3.012589,3.016025
1993-06-01,19.09,19.13,19.41,19.61,19.73,2.949165,2.951258,2.965788,2.97604,2.98214
1993-07-01,17.89,17.9,18.17,18.39,18.57,2.884242,2.884801,2.899772,2.911807,2.921547
1993-08-01,18.01,18.01,18.34,18.57,18.73,2.890927,2.890927,2.909084,2.921547,2.930127
1993-09-01,17.5,17.52,17.79,18.04,18.23,2.862201,2.863343,2.878637,2.892592,2.903069
1993-10-01,18.15,18.17,18.34,18.48,18.59,2.898671,2.899772,2.909084,2.916689,2.922624
1993-11-01,16.61,16.74,17.02,17.24,17.41,2.810005,2.817801,2.834389,2.847232,2.857045
1993-12-01,14.52,14.53,14.86,15.18,15.45,2.675527,2.676215,2.698673,2.719979,2.737609
1994-01-01,15.03,15.02,15.15,15.31,15.48,2.710048,2.709383,2.718001,2.728506,2.739549
1994-02-01,14.78,14.78,14.88,15.04,15.23,2.693275,2.693275,2.700018,2.710713,2.723267
1994-03-01,14.68,14.65,14.72,14.82,14.96,2.686486,2.68444,2.689207,2.695978,2.70538
1994-04-01,16.42,16.33,16.19,16.16,16.18,2.7985,2.793004,2.784394,2.782539,2.783776
1994-05-01,17.89,17.83,17.45,17.27,17.17,2.884242,2.880882,2.85934,2.848971,2.843164
1994-06-01,19.06,19.07,18.49,18.2,18.03,2.947592,2.948116,2.91723,2.901422,2.892037
1994-07-01,19.66,19.66,19.2,18.91,18.72,2.978586,2.978586,2.95491,2.939691,2.929592
1994-08-01,18.38,18.38,18.29,18.22,18.15,2.911263,2.911263,2.906354,2.90252,2.898671
1994-09-01,17.45,17.47,17.59,17.71,17.77,2.85934,2.860485,2.867331,2.874129,2.877512
1994-10-01,17.72,17.71,17.77,17.79,17.78,2.874694,2.874129,2.877512,2.878637,2.878074
1994-11-01,18.07,18.1,18.01,17.93,17.88,2.894253,2.895912,2.890927,2.886475,2.883683
1994-12-01,17.16,17.16,17.17,17.23,17.29,2.842581,2.842581,2.843164,2.846652,2.850128
1995-01-01,18.04,17.99,17.88,17.81,17.76,2.892592,2.889816,2.883683,2.87976,2.876949
1995-02-01,18.57,18.53,18.35,18.19,18.07,2.921547,2.919391,2.90963,2.900872,2.894253
1995-03-01,18.54,18.55,18.44,18.32,18.2,2.919931,2.92047,2.914522,2.907993,2.901422
1995-04-01,19.9,19.89,19.65,19.38,19.12,2.99072,2.990217,2.978077,2.964242,2.950735
1995-05-01,19.74,19.74,19.57,19.34,19.12,2.982647,2.982647,2.973998,2.962175,2.950735
1995-06-01,18.45,18.4,18.25,18.1,18.0,2.915064,2.912351,2.904165,2.895912,2.890372
1995-07-01,17.33,17.26,17.06,16.99,16.99,2.852439,2.848392,2.836737,2.832625,2.832625
1995-08-01,18.02,17.81,17.51,17.35,17.28,2.891482,2.87976,2.862772,2.853593,2.84955
1995-09-01,18.23,18.21,17.85,17.66,17.54,2.903069,2.901971,2.882004,2.871302,2.864484
1995-10-01,17.43,17.4,17.16,17.04,16.99,2.858193,2.85647,2.842581,2.835564,2.832625
1995-11-01,17.99,18.0,17.72,17.54,17.41,2.889816,2.890372,2.874694,2.864484,2.857045
1995-12-01,19.03,19.04,18.66,18.36,18.15,2.946017,2.946542,2.926382,2.910174,2.898671
1996-01-01,18.86,18.7,18.31,18.0,17.78,2.937043,2.928524,2.907447,2.890372,2.878074
1996-02-01,19.09,18.78,18.14,17.8,17.57,2.949165,2.932792,2.898119,2.879198,2.866193
1996-03-01,21.33,21.18,19.75,18.92,18.44,3.060115,3.053057,2.983153,2.94022,2.914522
1996-04-01,23.5,23.3,21.22,19.99,19.26,3.157,3.148453,3.054944,2.995232,2.95803
1996-05-01,21.17,21.09,20.06,19.39,18.93,3.052585,3.048799,2.998728,2.964757,2.940748
1996-06-01,20.42,20.43,19.61,19.08,18.73,3.016515,3.017004,2.97604,2.948641,2.930127
1996-07-01,21.3,21.25,20.62,20.05,19.61,3.058707,3.056357,3.026261,2.998229,2.97604
1996-08-01,21.9,21.91,21.35,20.84,20.38,3.086487,3.086943,3.061052,3.036874,3.014554
1996-09-01,23.97,23.93,23.35,22.75,22.16,3.176803,3.175133,3.150597,3.124565,3.098289
1996-10-01,24.88,24.9,24.47,23.95,23.38,3.214064,3.214868,3.197448,3.175968,3.151881
1996-11-01,23.71,23.55,23.28,22.95,22.58,3.165897,3.159126,3.147595,3.133318,3.117065
1996-12-01,25.23,25.12,24.49,23.9,23.32,3.228034,3.223664,3.198265,3.173878,3.149311
1997-01-01,25.13,25.18,24.58,24.01,23.46,3.224062,3.22605,3.201933,3.17847,3.155297
1997-02-01,22.18,22.17,21.87,21.57,21.3,3.099191,3.09874,3.085116,3.071303,3.058707
1997-03-01,20.97,20.97,20.88,20.78,20.67,3.043093,3.043093,3.038792,3.033991,3.028683
1997-04-01,19.7,19.73,19.73,19.73,19.74,2.980619,2.98214,2.98214,2.98214,2.982647
1997-05-01,20.82,20.87,20.93,20.87,20.79,3.035914,3.038313,3.041184,3.038313,3.034472
1997-06-01,19.26,19.22,19.41,19.53,19.62,2.95803,2.955951,2.965788,2.971952,2.976549
1997-07-01,19.66,19.66,19.76,19.8,19.83,2.978586,2.978586,2.98366,2.985682,2.987196
1997-08-01,19.95,19.95,20.09,20.17,20.2,2.993229,2.993229,3.000222,3.004196,3.005683
1997-09-01,19.8,19.78,19.88,19.93,19.95,2.985682,2.984671,2.989714,2.992226,2.993229
1997-10-01,21.33,21.28,21.33,21.26,21.15,3.060115,3.057768,3.060115,3.056827,3.05164
1997-11-01,20.19,20.22,20.42,20.46,20.43,3.005187,3.006672,3.016515,3.018472,3.017004
1997-12-01,18.33,18.32,18.53,18.7,18.85,2.908539,2.907993,2.919391,2.928524,2.936513
1998-01-01,16.72,16.73,16.92,17.13,17.34,2.816606,2.817204,2.828496,2.840831,2.853016
1998-02-01,16.06,16.08,16.32,16.6,16.86,2.776332,2.777576,2.792391,2.809403,2.824944
1998-03-01,15.12,15.04,15.37,15.7,16.03,2.716018,2.710713,2.732418,2.753661,2.774462
1998-04-01,15.35,15.46,15.88,16.21,16.46,2.731115,2.738256,2.76506,2.785628,2.800933
1998-05-01,14.91,14.93,15.68,16.13,16.46,2.702032,2.703373,2.752386,2.780681,2.800933
1998-06-01,13.72,13.67,14.48,15.1,15.58,2.618855,2.615204,2.672768,2.714695,2.745988
1998-07-01,14.17,14.09,14.4,14.72,15.02,2.651127,2.645465,2.667228,2.689207,2.709383
1998-08-01,13.47,13.38,13.68,14.0,14.29,2.600465,2.593761,2.615935,2.639057,2.65956
1998-09-01,15.03,14.97,15.13,15.3,15.47,2.710048,2.706048,2.71668,2.727853,2.738903
1998-10-01,14.46,14.42,14.57,14.75,14.92,2.671386,2.668616,2.678965,2.691243,2.702703
1998-11-01,13.0,13.04,13.38,13.66,13.91,2.564949,2.568022,2.593761,2.614472,2.632608
1998-12-01,11.35,11.31,11.64,11.95,12.23,2.429218,2.425687,2.454447,2.480731,2.503892
1999-01-01,12.52,12.49,12.54,12.64,12.76,2.527327,2.524928,2.528924,2.536866,2.546315
1999-02-01,12.01,12.02,12.14,12.27,12.4,2.48574,2.486572,2.496506,2.507157,2.517696
1999-03-01,14.68,14.68,14.74,14.72,14.7,2.686486,2.686486,2.690565,2.689207,2.687847
1999-04-01,17.31,17.3,17.17,17.03,16.85,2.851284,2.850707,2.843164,2.834976,2.824351
1999-05-01,17.72,17.77,17.67,17.54,17.4,2.874694,2.877512,2.871868,2.864484,2.85647
1999-06-01,17.92,17.92,18.02,18.01,17.92,2.885917,2.885917,2.891482,2.890927,2.885917
1999-07-01,20.1,20.1,20.2,20.13,19.95,3.00072,3.00072,3.005683,3.002211,2.993229
1999-08-01,21.28,21.28,21.38,21.31,21.04,3.057768,3.057768,3.062456,3.059176,3.046425
1999-09-01,23.8,23.79,23.55,23.14,22.64,3.169686,3.169265,3.159126,3.141563,3.119718
1999-10-01,22.69,22.67,22.64,22.45,22.12,3.121924,3.121042,3.119718,3.111291,3.096482
1999-11-01,25.0,24.77,24.39,23.86,23.27,3.218876,3.209633,3.194173,3.172203,3.147165
1999-12-01,26.1,26.09,25.45,24.63,23.85,3.261935,3.261552,3.236716,3.203965,3.171784
2000-01-01,27.26,27.01,26.12,25.36,24.67,3.30542,3.296207,3.262701,3.233173,3.205588
2000-02-01,29.37,29.3,28.19,27.22,26.44,3.379974,3.377588,3.338967,3.303952,3.274878
2000-03-01,29.84,29.89,28.57,27.56,26.81,3.39585,3.397524,3.352357,3.316365,3.288775
2000-04-01,25.72,25.54,24.87,24.6,24.38,3.247269,3.240246,3.213662,3.202746,3.193763
2000-05-01,28.79,28.81,28.46,27.89,27.34,3.360028,3.360723,3.3485,3.328268,3.308351
2000-06-01,31.82,31.53,30.18,29.31,28.68,3.460095,3.450939,3.407179,3.377929,3.3562
2000-07-01,29.7,29.72,29.01,28.56,28.17,3.391147,3.39182,3.367641,3.352007,3.338258
2000-08-01,31.26,31.14,30.59,30.07,29.57,3.442339,3.438493,3.420673,3.403528,3.38676
2000-09-01,33.88,33.87,33.08,32.54,32.02,3.522825,3.52253,3.498929,3.48247,3.466361
2000-10-01,33.11,32.93,32.36,31.89,31.49,3.499835,3.494384,3.476923,3.462292,3.44967
2000-11-01,34.42,34.26,33.29,32.33,31.45,3.538638,3.533978,3.505257,3.475996,3.448399
2000-12-01,28.44,28.4,27.75,27.29,26.92,3.347797,3.346389,3.323236,3.30652,3.29287
2001-01-01,29.59,29.26,28.12,27.46,26.97,3.387436,3.376221,3.336481,3.31273,3.294725
2001-02-01,29.61,29.64,29.36,28.91,28.44,3.388112,3.389125,3.379633,3.364188,3.347797
2001-03-01,27.25,27.27,27.43,27.4,27.25,3.305054,3.305787,3.311637,3.310543,3.305054
2001-04-01,27.49,27.62,27.97,28.08,27.96,3.313822,3.31854,3.331133,3.335058,3.330775
2001-05-01,28.63,28.68,29.09,29.13,28.86,3.354455,3.3562,3.370394,3.371769,3.362457
2001-06-01,27.6,27.59,27.73,27.7,27.58,3.317816,3.317453,3.322515,3.321432,3.317091
2001-07-01,26.43,26.47,26.17,26.03,25.95,3.2745,3.276012,3.264614,3.25925,3.256172
2001-08-01,27.37,27.31,26.84,26.77,26.57,3.309448,3.307253,3.289893,3.287282,3.279783
2001-09-01,26.2,25.69,25.96,26.06,25.89,3.265759,3.246102,3.256557,3.260402,3.253857
2001-10-01,22.17,22.21,22.51,22.64,22.72,3.09874,3.100543,3.11396,3.119718,3.123246
2001-11-01,19.64,19.67,19.93,20.08,20.19,2.977568,2.979095,2.992226,2.999724,3.005187
2001-12-01,19.39,19.4,19.71,19.9,20.06,2.964757,2.965273,2.981126,2.99072,2.998728
2002-01-01,19.72,19.73,20.14,20.37,20.49,2.981633,2.98214,3.002708,3.014063,3.019937
2002-02-01,20.72,20.76,21.02,21.15,21.17,3.031099,3.033028,3.045474,3.05164,3.052585
2002-03-01,24.53,24.44,24.68,24.73,24.64,3.199897,3.196221,3.205993,3.208017,3.204371
2002-04-01,26.18,26.26,26.29,26.08,25.78,3.264996,3.268047,3.269189,3.261169,3.249599
2002-05-01,27.04,26.95,26.5,26.3,26.08,3.297317,3.293983,3.277145,3.269569,3.261169
2002-06-01,25.52,25.55,25.65,25.56,25.46,3.239462,3.240637,3.244544,3.241029,3.237109
2002-07-01,26.97,26.94,26.79,26.51,26.29,3.294725,3.293612,3.288029,3.277522,3.269189
2002-08-01,28.39,28.2,27.65,27.32,27.03,3.346037,3.339322,3.319626,3.307619,3.296947
2002-09-01,29.66,29.67,29.68,29.41,28.93,3.389799,3.390136,3.390473,3.381335,3.364879
2002-10-01,28.84,28.86,28.74,28.35,27.91,3.361763,3.362457,3.35829,3.344627,3.328985
2002-11-01,26.35,26.19,25.67,25.39,25.15,3.271468,3.265378,3.245323,3.234355,3.224858
2002-12-01,29.46,29.39,29.07,28.4,27.78,3.383033,3.380654,3.369707,3.346389,3.324316
2003-01-01,32.95,32.7,31.87,30.87,29.89,3.494991,3.487375,3.461665,3.429785,3.397524
2003-02-01,35.83,35.73,34.43,33.16,31.97,3.578786,3.575991,3.538928,3.501344,3.464798
2003-03-01,33.51,33.16,31.69,30.48,29.66,3.511844,3.501344,3.456001,3.417071,3.389799
2003-04-01,28.17,28.14,26.98,26.52,26.21,3.338258,3.337192,3.295096,3.277899,3.266141
2003-05-01,28.11,28.07,27.54,27.03,26.62,3.336125,3.334701,3.315639,3.296947,3.281663
2003-06-01,30.66,30.52,29.49,28.85,28.3,3.422959,3.418382,3.384051,3.36211,3.342862
2003-07-01,30.76,30.7,30.26,29.75,29.29,3.426215,3.424263,3.409827,3.392829,3.377246
2003-08-01,31.57,31.6,31.42,30.96,30.39,3.452207,3.453157,3.447445,3.432696,3.414114
2003-09-01,28.31,28.31,28.29,28.0,27.71,3.343215,3.343215,3.342508,3.332205,3.321793
2003-10-01,30.34,30.35,30.25,29.88,29.46,3.412467,3.412797,3.409496,3.397189,3.383033
2003-11-01,31.11,31.06,30.67,30.27,29.82,3.437529,3.435921,3.423285,3.410157,3.395179
2003-12-01,32.13,32.14,31.99,31.51,30.99,3.46979,3.470101,3.465423,3.450305,3.433665
2004-01-01,34.31,34.22,33.58,33.04,32.48,3.535437,3.53281,3.513931,3.497719,3.480625
2004-02-01,34.69,34.5,33.54,32.91,32.37,3.546451,3.540959,3.512739,3.493777,3.477232
2004-03-01,36.74,36.72,36.03,35.27,34.64,3.603866,3.603322,3.584352,3.563033,3.545009
2004-04-01,36.75,36.62,36.12,35.7,35.22,3.604138,3.600595,3.586847,3.575151,3.561614
2004-05-01,40.28,40.28,40.09,39.57,38.95,3.695855,3.695855,3.691127,3.678071,3.662279
2004-06-01,38.03,38.05,38.18,38.05,37.78,3.638375,3.638901,3.642312,3.638901,3.63178
2004-07-01,40.78,40.81,40.63,40.0,39.6,3.708192,3.708927,3.704507,3.688879,3.678829
2004-08-01,44.9,44.88,44.39,43.96,43.44,3.804438,3.803992,3.793014,3.78328,3.771381
2004-09-01,45.94,45.94,45.68,45.18,44.65,3.827336,3.827336,3.821661,3.810655,3.798854
2004-10-01,53.28,53.09,52.63,52.1,51.47,3.975561,3.971989,3.963286,3.953165,3.940999
2004-11-01,48.47,48.48,48.58,48.5,48.22,3.880945,3.881151,3.883212,3.881564,3.875774
2004-12-01,43.15,43.26,43.56,43.62,43.45,3.764682,3.767228,3.774139,3.775516,3.771611
2005-01-01,46.84,46.85,47.05,46.92,46.63,3.846738,3.846951,3.851211,3.848444,3.842244
2005-02-01,48.15,48.05,48.59,48.81,48.74,3.874321,3.872242,3.883418,3.887935,3.8865
2005-03-01,54.19,54.63,55.31,55.61,55.67,3.992496,4.000583,4.012954,4.018363,4.019441
2005-04-01,52.98,53.22,54.6,55.37,55.71,3.969914,3.974434,4.000034,4.014038,4.02016
2005-05-01,49.83,49.87,51.27,51.91,52.29,3.908617,3.90942,3.937106,3.949511,3.956805
2005-06-01,56.35,56.42,57.32,57.94,58.32,4.031582,4.032824,4.04865,4.059408,4.065945
2005-07-01,59.0,59.03,60.0,60.65,61.07,4.077537,4.078046,4.094345,4.10512,4.112021
2005-08-01,64.99,64.99,65.73,66.26,66.62,4.174233,4.174233,4.185555,4.193586,4.199005
2005-09-01,65.59,65.55,65.91,66.35,66.71,4.183423,4.182813,4.18829,4.194944,4.200355
2005-10-01,62.26,62.27,62.08,62.33,62.54,4.131319,4.13148,4.128424,4.132443,4.135806
2005-11-01,58.32,58.34,59.14,59.61,59.9,4.065945,4.066288,4.079908,4.087823,4.092677
2005-12-01,59.41,59.45,60.24,60.8,61.17,4.084463,4.085136,4.098337,4.10759,4.113657
2006-01-01,65.49,65.54,66.19,66.68,67.04,4.181897,4.182661,4.192529,4.199905,4.205289
2006-02-01,61.63,61.93,63.15,64.04,64.72,4.121149,4.126005,4.145513,4.159508,4.17007
2006-03-01,62.69,62.97,64.46,65.3,65.87,4.138202,4.142658,4.166045,4.178992,4.187683
2006-04-01,69.44,70.16,71.61,72.43,72.88,4.240463,4.250778,4.271235,4.282621,4.288814
2006-05-01,70.84,70.96,72.08,72.88,73.47,4.260424,4.262116,4.277777,4.288814,4.296877
2006-06-01,70.95,70.97,71.69,72.37,72.9,4.261975,4.262257,4.272351,4.281792,4.289089
2006-07-01,74.41,74.46,75.71,76.44,76.95,4.30959,4.310262,4.32691,4.336506,4.343156
2006-08-01,73.04,73.08,74.28,75.11,75.74,4.291007,4.291555,4.307842,4.318954,4.327306
2006-09-01,63.8,63.9,64.84,65.75,66.54,4.155753,4.157319,4.171923,4.18586,4.197803
2006-10-01,58.89,59.14,60.83,62.07,63.0,4.075671,4.079908,4.108083,4.128263,4.143135
2006-11-01,59.08,59.4,61.18,62.42,63.37,4.078892,4.084294,4.11382,4.133886,4.148991
2006-12-01,61.96,62.09,63.16,64.06,64.75,4.126489,4.128585,4.145671,4.15982,4.170534
2007-01-01,54.51,54.35,55.34,56.16,56.85,3.998384,3.995445,4.013496,4.028205,4.040416
2007-02-01,59.28,59.39,60.2,60.96,61.58,4.082272,4.084126,4.097672,4.110218,4.120337
2007-03-01,60.44,60.74,62.49,63.54,64.31,4.101651,4.106602,4.135007,4.15167,4.163715
2007-04-01,63.98,64.04,65.84,67.07,67.84,4.158571,4.159508,4.187228,4.205737,4.217152
2007-05-01,63.46,63.53,64.92,66.02,66.84,4.15041,4.151512,4.173156,4.189958,4.202302
2007-06-01,67.49,67.53,68.18,68.85,69.37,4.211979,4.212572,4.222151,4.23193,4.239454
2007-07-01,74.12,74.15,74.2,74.0,73.83,4.305685,4.30609,4.306764,4.304065,4.301765
2007-08-01,72.36,72.36,72.06,71.66,71.25,4.281654,4.281654,4.277499,4.271933,4.266195
2007-09-01,79.92,79.63,78.47,77.45,76.71,4.381026,4.377391,4.362716,4.349633,4.340032
2007-10-01,85.8,85.66,84.66,83.77,82.99,4.452019,4.450386,4.438643,4.428075,4.41872
2007-11-01,94.77,94.63,93.67,92.77,91.95,4.551453,4.549975,4.539778,4.530123,4.521245
2007-12-01,91.69,91.74,91.59,91.29,90.92,4.518413,4.518958,4.517322,4.514041,4.50998
2008-01-01,92.97,92.93,92.59,92.19,91.82,4.532277,4.531847,4.528181,4.523852,4.51983
2008-02-01,95.39,95.35,95.19,94.93,94.66,4.557974,4.557554,4.555875,4.55314,4.550292
2008-03-01,105.45,105.42,104.47,103.58,102.82,4.658237,4.657952,4.6489,4.640344,4.63298
2008-04-01,112.58,112.46,111.8,111.09,110.41,4.723664,4.722598,4.716712,4.710341,4.704201
2008-05-01,125.4,125.46,125.31,125.08,124.84,4.831509,4.831987,4.830791,4.828954,4.827033
2008-06-01,133.88,134.02,134.52,134.78,134.89,4.896944,4.897989,4.901713,4.903644,4.90446
2008-07-01,133.37,133.48,134.09,134.52,134.88,4.893127,4.893952,4.898511,4.901713,4.904385
2008-08-01,116.67,116.69,116.92,117.31,117.66,4.759349,4.759521,4.76149,4.76482,4.767799
2008-09-01,104.11,103.76,103.03,103.21,103.48,4.645448,4.642081,4.63502,4.636766,4.639378
2008-10-01,76.61,76.72,76.83,77.14,77.52,4.338728,4.340162,4.341595,4.345622,4.350536
2008-11-01,57.31,57.44,58.22,59.16,60.12,4.048475,4.050741,4.064229,4.080246,4.096343
2008-12-01,41.12,42.04,45.16,47.2,48.78,3.716495,3.738622,3.810212,3.854394,3.88732
2009-01-01,41.71,41.92,46.39,49.11,50.9,3.730741,3.735763,3.837084,3.894063,3.929863
2009-02-01,39.09,39.26,43.13,45.47,46.92,3.665867,3.670206,3.764219,3.817053,3.848444
2009-03-01,47.94,48.06,49.5,50.75,51.78,3.86995,3.87245,3.901973,3.926912,3.947004
2009-04-01,49.65,49.95,52.01,53.82,55.15,3.904998,3.911023,3.951436,3.985645,4.010057
2009-05-01,59.03,59.21,60.14,61.0,61.79,4.078046,4.08109,4.096675,4.110874,4.123742
2009-06-01,69.64,69.7,70.47,71.29,71.98,4.243339,4.2442,4.255187,4.266756,4.276388
2009-07-01,64.15,64.29,65.57,66.82,67.85,4.161224,4.163404,4.183118,4.202002,4.217299
2009-08-01,71.05,71.14,72.57,73.67,74.47,4.263384,4.26465,4.284552,4.299596,4.310396
2009-09-01,69.41,69.47,69.91,70.4,70.9,4.240031,4.240895,4.247209,4.254193,4.26127
2009-10-01,75.72,75.82,76.29,76.83,77.35,4.327042,4.328362,4.334542,4.341595,4.348341
2009-11-01,77.99,78.15,78.93,79.71,80.43,4.356581,4.35863,4.368561,4.378395,4.387387
2009-12-01,74.47,74.6,76.0,77.08,77.91,4.310396,4.312141,4.330733,4.344844,4.355554
2010-01-01,78.33,78.4,78.85,79.41,79.99,4.360931,4.361824,4.367547,4.374624,4.381902
2010-02-01,76.39,76.45,76.84,77.32,77.8,4.335852,4.336637,4.341725,4.347953,4.354141
2010-03-01,81.2,81.29,81.66,82.06,82.44,4.396915,4.398023,4.402564,4.407451,4.412071
2010-04-01,84.29,84.58,85.92,87.05,87.77,4.434263,4.437698,4.453417,4.466483,4.47472
2010-05-01,73.74,74.12,76.89,78.41,79.35,4.300545,4.305685,4.342376,4.361951,4.373868
2010-06-01,75.34,75.41,76.43,77.28,78.0,4.322011,4.32294,4.336375,4.347435,4.356709
2010-07-01,76.32,76.38,76.82,77.29,77.83,4.334935,4.335721,4.341465,4.347565,4.354527
2010-08-01,76.6,76.67,77.26,78.02,78.72,4.338597,4.33951,4.347176,4.356965,4.365897
2010-09-01,75.24,75.55,76.82,78.08,79.06,4.320683,4.324795,4.341465,4.357734,4.370207
2010-10-01,81.89,81.95,82.71,83.41,83.98,4.405377,4.406109,4.415341,4.423768,4.430579
2010-11-01,84.25,84.32,84.89,85.41,85.84,4.433789,4.434619,4.441356,4.447463,4.452485
2010-12-01,89.15,89.23,89.85,90.4,90.81,4.49032,4.491217,4.498142,4.504244,4.508769
2011-01-01,89.17,89.58,90.96,92.2,93.17,4.490545,4.495132,4.51042,4.52396,4.534426
2011-02-01,88.58,89.74,92.47,94.7,96.06,4.483906,4.496917,4.526884,4.550714,4.564973
2011-03-01,102.86,102.98,103.9,104.47,104.89,4.633369,4.634535,4.643429,4.6489,4.652912
2011-04-01,109.53,110.04,110.58,111.01,111.26,4.696198,4.700844,4.705739,4.70962,4.71187
2011-05-01,100.9,101.36,101.88,102.26,102.55,4.61413,4.618679,4.623796,4.627519,4.63035
2011-06-01,96.26,96.29,96.83,97.31,97.77,4.567053,4.567364,4.572957,4.577902,4.582618
2011-07-01,97.3,97.34,97.76,98.2,98.67,4.577799,4.57821,4.582515,4.587006,4.591781
2011-08-01,86.33,86.34,86.66,87.05,87.45,4.458177,4.458293,4.461992,4.466483,4.471067
2011-09-01,85.52,85.61,85.81,86.06,86.3,4.44875,4.449802,4.452136,4.455045,4.45783
2011-10-01,86.32,86.43,86.56,86.63,86.71,4.458061,4.459335,4.460838,4.461646,4.462569
2011-11-01,97.16,97.16,97.18,97.16,97.12,4.576359,4.576359,4.576565,4.576359,4.575947
2011-12-01,98.56,98.58,98.74,98.92,99.05,4.590665,4.590868,4.59249,4.594311,4.595625
2012-01-01,100.27,100.32,100.54,100.83,101.11,4.607867,4.608365,4.610556,4.613436,4.616209
2012-02-01,102.2,102.26,102.67,103.17,103.63,4.626932,4.627519,4.63152,4.636378,4.640827
2012-03-01,106.16,106.21,106.7,107.19,107.58,4.664947,4.665418,4.670021,4.674603,4.678235
2012-04-01,103.32,103.35,103.83,104.27,104.63,4.637831,4.638121,4.642755,4.646984,4.65043
2012-05-01,94.66,94.72,95.05,95.33,95.58,4.550292,4.550925,4.554403,4.557345,4.559964
2012-06-01,82.3,82.41,82.71,83.05,83.4,4.410371,4.411707,4.415341,4.419443,4.423648
2012-07-01,87.9,87.93,88.27,88.61,89.02,4.4762,4.476541,4.4804,4.484245,4.488861
2012-08-01,94.13,94.16,94.45,94.77,95.17,4.544677,4.544995,4.548071,4.551453,4.555665
2012-09-01,94.51,94.56,94.9,95.25,95.64,4.548706,4.549235,4.552824,4.556505,4.560591
2012-10-01,89.49,89.57,89.99,90.49,90.97,4.494127,4.49502,4.499699,4.505239,4.51053
2012-11-01,86.53,86.73,87.25,87.86,88.44,4.460491,4.4628,4.468778,4.475745,4.482324
2012-12-01,87.86,88.25,88.78,89.35,89.89,4.475745,4.480174,4.486161,4.492561,4.498587
2013-01-01,94.76,94.83,95.28,95.68,96.0,4.551347,4.552086,4.55682,4.561009,4.564348
2013-02-01,95.31,95.32,95.82,96.28,96.65,4.557135,4.55724,4.562471,4.567261,4.571096
2013-03-01,92.94,92.96,93.34,93.61,93.75,4.531954,4.532169,4.536249,4.539137,4.540632
2013-04-01,92.02,92.07,92.37,92.55,92.56,4.522006,4.522549,4.525802,4.527749,4.527857
2013-05-01,94.51,94.8,95.02,95.03,94.79,4.548706,4.551769,4.554087,4.554193,4.551664
2013-06-01,95.77,95.8,95.9,95.79,95.42,4.561949,4.562263,4.563306,4.562158,4.558288
2013-07-01,104.67,104.7,104.22,102.93,101.55,4.650813,4.651099,4.646504,4.634049,4.620551
2013-08-01,106.57,106.54,106.02,104.82,103.42,4.668802,4.668521,4.663628,4.652245,4.638798
2013-09-01,106.29,106.24,105.57,104.31,102.93,4.666171,4.665701,4.659374,4.647367,4.634049
2013-10-01,100.54,100.55,100.6,100.3,99.74,4.610556,4.610655,4.611152,4.608166,4.602567
2013-11-01,93.86,93.93,94.35,94.56,94.59,4.541804,4.54255,4.547011,4.549235,4.549552
2013-12-01,97.63,97.89,98.09,97.96,97.51,4.581185,4.583844,4.585885,4.584559,4.579955
2014-01-01,94.62,94.86,94.78,94.44,93.93,4.549869,4.552402,4.551558,4.547965,4.54255
2014-02-01,100.82,100.68,100.11,99.28,98.39,4.613337,4.611947,4.60627,4.597944,4.588939
2014-03-01,100.8,100.51,99.88,99.04,98.14,4.613138,4.610257,4.603969,4.595524,4.586395
2014-04-01,102.07,102.04,101.3,100.44,99.52,4.625659,4.625365,4.618086,4.609561,4.600359
2014-05-01,102.18,101.8,101.11,100.18,99.19,4.626736,4.62301,4.616209,4.606969,4.597037
2014-06-01,105.79,105.15,104.48,103.56,102.54,4.661456,4.655388,4.648996,4.640151,4.630253
2014-07-01,103.59,102.39,101.46,100.65,99.89,4.640441,4.628789,4.619665,4.611649,4.60407
2014-08-01,96.54,96.08,95.02,94.57,94.27,4.569957,4.565181,4.554087,4.54934,4.546163
2014-09-01,93.21,93.03,92.18,91.67,91.39,4.534855,4.532922,4.523743,4.518195,4.515136
2014-10-01,84.4,84.34,83.73,83.31,82.98,4.435567,4.434856,4.427597,4.422569,4.4186
2014-11-01,75.79,75.81,75.83,75.84,75.89,4.327966,4.32823,4.328494,4.328626,4.329285
2014-12-01,59.29,59.29,59.57,59.88,60.25,4.082441,4.082441,4.087152,4.092343,4.098503
2015-01-01,47.22,47.33,47.9,48.72,49.62,3.854818,3.857144,3.869116,3.88609,3.904394
2015-02-01,50.58,50.73,51.82,53.13,54.45,3.923556,3.926517,3.947776,3.972742,3.997283
2015-03-01,47.82,47.85,49.62,51.17,52.44,3.867444,3.868071,3.904394,3.935153,3.95967
2015-04-01,54.45,54.63,56.13,57.17,57.84,3.997283,4.000583,4.02767,4.046029,4.057681
2015-05-01,59.27,59.37,60.16,60.59,60.91,4.082103,4.083789,4.097008,4.10413,4.109397
2015-06-01,59.82,59.83,60.22,60.53,60.78,4.09134,4.091507,4.098005,4.103139,4.107261
2015-07-01,50.9,50.93,51.34,51.81,52.38,3.929863,3.930452,3.93847,3.947583,3.958525
2015-08-01,42.87,42.89,43.48,44.34,45.14,3.758172,3.758639,3.772301,3.791887,3.809769
2015-09-01,45.48,45.47,45.96,46.55,47.18,3.817273,3.817053,3.827771,3.840527,3.85397
2015-10-01,46.22,46.25,46.89,47.63,48.3,3.833413,3.834061,3.847804,3.863463,3.877432
2015-11-01,42.44,42.92,44.12,45.12,45.96,3.748091,3.759338,3.786913,3.809326,3.827771
2015-12-01,37.19,37.33,38.6,39.66,40.52,3.61604,3.619797,3.653252,3.680343,3.701796
2016-01-01,31.68,31.78,33.04,34.21,35.23,3.455686,3.458837,3.497719,3.532518,3.561898
2016-02-01,30.32,30.62,32.57,34.17,35.4,3.411808,3.421653,3.483392,3.531348,3.566712
2016-03-01,37.55,37.96,39.5,40.44,41.14,3.625673,3.636533,3.676301,3.699819,3.716981
2016-04-01,40.75,41.13,42.29,43.03,43.52,3.707456,3.716738,3.744551,3.761898,3.773221
2016-05-01,46.71,46.8,47.4,47.82,48.18,3.843958,3.845883,3.858622,3.867444,3.874944
2016-06-01,48.76,48.84,49.46,49.97,50.41,3.88691,3.88855,3.901164,3.911423,3.92019
2016-07-01,44.65,44.8,45.52,46.19,46.87,3.798854,3.802208,3.818152,3.832763,3.847378
2016-08-01,44.72,44.8,45.49,46.2,46.88,3.800421,3.802208,3.817493,3.83298,3.847591
2016-09-01,45.18,45.23,45.81,46.44,47.05,3.810655,3.811761,3.824502,3.838161,3.851211
2016-10-01,49.78,49.87,50.38,50.94,51.47,3.907613,3.90942,3.919594,3.930648,3.940999
2016-11-01,45.66,45.87,46.56,47.29,47.98,3.821223,3.825811,3.840742,3.856299,3.870784
2016-12-01,51.97,52.17,53.14,53.99,54.64,3.950667,3.954508,3.97293,3.988799,4.000766
2017-01-01,52.5,52.61,53.39,54.1,54.72,3.960813,3.962906,3.977623,3.990834,4.002229
2017-02-01,53.47,53.46,53.93,54.32,54.64,3.979121,3.978934,3.987687,3.994892,4.000766
2017-03-01,49.33,49.67,50.22,50.61,50.91,3.898532,3.905401,3.916413,3.924149,3.930059
2017-04-01,51.06,51.12,51.52,51.84,52.09,3.933001,3.934176,3.94197,3.948162,3.952973
2017-05-01,48.48,48.54,48.86,49.12,49.34,3.881151,3.882388,3.888959,3.894266,3.898735
2017-06-01,45.18,45.2,45.43,45.65,45.87,3.810655,3.811097,3.816173,3.821004,3.825811
2017-07-01,46.63,46.68,46.84,47.02,47.22,3.842244,3.843316,3.846738,3.850573,3.854818
2017-08-01,48.04,48.06,48.3,48.51,48.68,3.872034,3.87245,3.877432,3.88177,3.885268
2017-09-01,49.82,49.88,50.31,50.64,50.88,3.908417,3.90962,3.918204,3.924742,3.92947
2017-10-01,51.58,51.69,51.96,52.15,52.28,3.943134,3.945264,3.950474,3.954124,3.956614
2017-11-01,56.64,56.54,56.71,56.78,56.8,4.036715,4.034948,4.037951,4.039184,4.039536
2017-12-01,57.88,57.95,57.99,57.97,57.9,4.058372,4.059581,4.060271,4.059926,4.058717
2018-01-01,63.7,63.55,63.46,63.27,63.01,4.154185,4.151827,4.15041,4.147411,4.143293
2018-02-01,62.23,62.16,61.97,61.63,61.21,4.130837,4.129712,4.12665,4.121149,4.114311
2018-03-01,62.73,62.87,62.8,62.54,62.13,4.13884,4.141069,4.139955,4.135806,4.129229
2018-04-01,66.25,66.33,66.27,65.98,65.49,4.193435,4.194642,4.193737,4.189352,4.181897
2018-05-01,69.98,69.89,69.84,69.53,69.06,4.248209,4.246923,4.246207,4.241758,4.234976
2018-06-01,67.87,67.32,66.82,66.24,65.8,4.217594,4.209457,4.202002,4.193285,4.18662
2018-07-01,70.98,70.74,69.22,67.81,67.28,4.262398,4.259011,4.23729,4.21671,4.208863
2018-08-01,68.06,67.85,67.15,66.81,66.51,4.22039,4.217299,4.206929,4.201853,4.197352
2018-09-01,70.23,70.07,69.81,69.63,69.43,4.251776,4.249495,4.245777,4.243196,4.240319
2018-10-01,70.75,70.76,70.74,70.73,70.71,4.259153,4.259294,4.259011,4.25887,4.258587
2018-11-01,56.96,56.6,56.78,56.94,57.11,4.042349,4.036009,4.039184,4.041998,4.044979
2018-12-01,49.52,48.68,48.97,49.25,49.57,3.902377,3.885268,3.891208,3.896909,3.903386
2019-01-01,51.38,51.38,51.68,52.02,52.41,3.939249,3.939249,3.945071,3.951628,3.959097
2019-02-01,54.95,55.01,55.39,55.88,56.37,4.006424,4.007515,4.014399,4.023207,4.031937
2019-03-01,58.15,58.17,58.47,58.78,59.1,4.063026,4.06337,4.068514,4.073802,4.079231
2019-04-01,63.86,63.88,63.93,63.94,63.86,4.156693,4.157006,4.157789,4.157945,4.156693
2019-05-01,60.83,60.77,60.9,60.96,60.92,4.108083,4.107096,4.109233,4.110218,4.109562
2019-06-01,54.66,54.71,54.88,54.92,54.88,4.001132,4.002047,4.005149,4.005878,4.005149
2019-07-01,57.35,57.54,57.63,57.63,57.57,4.049173,4.05248,4.054043,4.054043,4.053002
2019-08-01,54.81,54.84,54.74,54.49,54.18,4.003873,4.00442,4.002595,3.998017,3.992312
2019-09-01,56.95,56.88,56.75,56.42,55.97,4.042174,4.040944,4.038656,4.032824,4.024816
2019-10-01,53.96,54.01,54.05,53.95,53.74,3.988243,3.989169,3.98991,3.988058,3.984158
2019-11-01,57.03,57.12,57.13,56.95,56.63,4.043577,4.045154,4.045329,4.042174,4.036539
2019-12-01,59.88,59.86,59.74,59.44,59.05,4.092343,4.092009,4.090002,4.084967,4.078385
2020-01-01,57.52,57.53,57.5,57.38,57.15,4.052133,4.052307,4.051785,4.049696,4.045679
2020-02-01,50.54,50.54,50.73,50.93,51.08,3.922765,3.922765,3.926517,3.930452,3.933393
2020-03-01,29.21,30.45,31.66,32.83,33.76,3.374511,3.416086,3.455054,3.491343,3.519277
2020-04-01,16.55,16.7,24.08,27.48,29.17,2.806386,2.815409,3.181382,3.313458,3.373141
2020-05-01,28.56,28.53,29.31,30.3,31.1,3.352007,3.350956,3.377929,3.411148,3.437208
2020-06-01,38.31,38.31,38.53,38.74,38.9,3.645711,3.645711,3.651437,3.656873,3.660994
2020-07-01,40.71,40.77,40.94,41.13,41.29,3.706474,3.707947,3.712108,3.716738,3.72062
2020-08-01,42.34,42.39,42.66,42.98,43.28,3.745732,3.746912,3.753262,3.760735,3.767691
2020-09-01,39.63,39.63,39.92,40.28,40.67,3.679586,3.679586,3.686877,3.695855,3.705491
2020-10-01,39.4,39.56,39.85,40.19,40.52,3.673766,3.677819,3.685122,3.693618,3.701796
2020-11-01,40.94,41.13,41.39,41.68,41.95,3.712108,3.716738,3.723039,3.730021,3.736478
2020-12-01,47.02,47.07,47.23,47.34,47.41,3.850573,3.851636,3.855029,3.857356,3.858833
2021-01-01,52.0,52.1,52.1,52.01,51.84,3.951244,3.953165,3.953165,3.951436,3.948162
2021-02-01,59.04,59.06,58.95,58.63,58.17,4.078215,4.078554,4.07669,4.071247,4.06337
2021-03-01,62.33,62.36,62.32,62.05,61.61,4.132443,4.132924,4.132282,4.127941,4.120824
2021-04-01,61.72,61.7,61.7,61.53,61.21,4.122608,4.122284,4.122284,4.119525,4.114311
2021-05-01,65.17,65.16,65.07,64.8,64.39,4.176999,4.176846,4.175464,4.171306,4.164958
2021-06-01,71.38,71.35,70.98,70.28,69.51,4.268018,4.267597,4.262398,4.252487,4.241471
2021-07-01,72.49,72.43,71.84,70.95,70.08,4.283449,4.282621,4.274441,4.261975,4.249637
2021-08-01,67.73,67.71,67.43,67.04,66.6,4.215529,4.215234,4.21109,4.205289,4.198705
2021-09-01,71.65,71.55,71.28,70.86,70.37,4.271793,4.270397,4.266616,4.260706,4.253767
2021-10-01,81.48,81.22,80.45,79.5,78.56,4.400358,4.397162,4.387636,4.375757,4.363863
2021-11-01,79.15,79.18,78.23,77.16,76.11,4.371345,4.371724,4.359653,4.345881,4.33218
2021-12-01,71.71,71.69,71.46,71.12,70.74,4.27263,4.272351,4.269138,4.264369,4.259011
2022-01-01,83.22,82.98,82.15,81.3,80.47,4.421488,4.4186,4.408547,4.398146,4.387884
2022-02-01,91.64,91.63,90.04,88.36,86.77,4.517868,4.517759,4.500254,4.481419,4.463261
2022-03-01,108.5,108.26,105.63,102.52,99.42,4.68675,4.684536,4.659942,4.630058,4.599353
2022-04-01,101.78,101.64,100.72,99.6,98.31,4.622814,4.621437,4.612344,4.601162,4.588126
2022-05-01,109.55,109.26,107.12,104.69,102.28,4.696381,4.69373,4.67395,4.651004,4.627714
2022-06-01,114.84,114.34,111.87,109.2,106.71,4.74354,4.739176,4.717337,4.693181,4.670115
2022-07-01,101.62,99.39,96.68,94.17,91.99,4.62124,4.599052,4.571407,4.545102,4.52168
2022-08-01,93.67,91.48,90.83,90.14,89.35,4.539778,4.51612,4.50899,4.501364,4.492561
2022-09-01,84.26,83.8,83.31,82.6,81.76,4.433907,4.428433,4.422569,4.41401,4.403788
2022-10-01,87.55,87.03,85.93,84.68,83.38,4.47221,4.466253,4.453533,4.438879,4.423408
2022-11-01,84.37,84.39,83.89,83.26,82.58,4.435212,4.435449,4.429506,4.421968,4.413768
2022-12-01,76.44,76.52,76.62,76.67,76.65,4.336506,4.337552,4.338858,4.33951,4.33925
2023-01-01,78.12,78.16,78.44,78.65,78.73,4.358246,4.358758,4.362334,4.365008,4.366024
2023-02-01,76.83,76.86,77.09,77.23,77.18,4.341595,4.341986,4.344974,4.346788,4.34614
2023-03-01,73.28,73.37,73.52,73.54,73.38,4.294288,4.295515,4.297557,4.297829,4.295651
2023-04-01,79.45,79.44,79.38,79.05,78.51,4.375128,4.375002,4.374246,4.370081,4.363226
2023-05-01,71.58,71.62,71.62,71.43,71.1,4.270816,4.271374,4.271374,4.268718,4.264087
2023-06-01,70.25,70.27,70.44,70.38,70.2,4.25206,4.252345,4.254761,4.253909,4.251348
2023-07-01,76.07,76.03,75.86,75.56,75.22,4.331654,4.331128,4.32889,4.324927,4.320417
2023-08-01,81.39,81.32,80.81,80.35,79.89,4.399252,4.398392,4.392101,4.386392,4.380651
2023-09-01,89.43,89.43,88.34,87.15,85.99,4.493456,4.493456,4.481193,4.467631,4.454231
2023-10-01,85.64,85.47,84.28,83.1,82.05,4.450152,4.448165,4.434145,4.420045,4.407329
2023-11-01,77.69,77.38,77.39,77.28,77.09,4.352727,4.348728,4.348858,4.347435,4.344974
2023-12-01,71.9,72.12,72.37,72.57,72.71,4.275276,4.278331,4.281792,4.284552,4.286479
2024-01-01,74.15,73.86,73.84,73.81,73.73,4.30609,4.302171,4.301901,4.301494,4.30041
2024-02-01,77.25,76.61,76.25,75.93,75.55,4.347047,4.338728,4.334017,4.329812,4.324795
2024-03-01,81.28,80.41,79.84,79.29,78.67,4.3979,4.387139,4.380025,4.373112,4.365262
2024-04-01,85.35,85.56,84.71,83.84,82.92,4.44676,4.449218,4.439234,4.42891,4.417876
